{"validation_dataset_size":0,"train/loss":2.9144,"_step":164,"train_steps_per_second":0.609,"total_flos":2.22932394049536e+15,"train_loss":10.249681178434395,"train/grad_norm":1.617263913154602,"train_runtime":1330.8192,"train/global_step":810,"_runtime":1335.315881,"_wandb":{"runtime":1335},"train_samples_per_second":2.427,"train_dataset_size":323,"_timestamp":1.7497691591516259e+09,"train/learning_rate":7.042253521126761e-08,"test_dataset_size":0,"train/epoch":10}